2020-01-01T00:00:00Z,monitoring-parent,alice,grace,female,010-3456-7821,42,grace.t.alice@gmail.com,1
2020-01-01T00:05:00Z,monitoring-parent,alice,grace,female,010-3456-7821,42,grace.t.alice@gmail.com,1
2020-01-01T00:10:00Z,monitoring-parent,alice,grace,female,010-3456-7821,42,grace.t.alice@gmail.com,1
2020-01-01T00:15:00Z,monitoring-parent,alice,grace,female,010-3456-7821,42,grace.t.alice@gmail.com,1
2020-01-01T00:20:00Z,monitoring-parent,alice,grace,female,010-3456-7821,42,grace.t.alice@gmail.com,1
2020-01-01T00:25:00Z,monitoring-parent,alice,grace,female,010-3456-7821,42,grace.t.alice@gmail.com,1
2020-01-01T00:30:00Z,monitoring-parent,alice,grace,female,010-3456-7821,42,grace.t.alice@gmail.com,1
2020-01-01T00:35:00Z,monitoring-parent,alice,grace,female,010-3456-7821,42,grace.t.alice@gmail.com,1
2020-01-01T00:40:00Z,monitoring-parent,alice,grace,female,010-3456-7821,42,grace.t.alice@gmail.com,1
2020-01-01T00:45:00Z,monitoring-parent,alice,grace,female,010-3456-7821,42,grace.t.alice@gmail.com,1
2020-01-01T00:50:00Z,monitoring-parent,alice,grace,female,010-3456-7821,42,grace.t.home@gmail.com,1
2020-01-01T00:00:00Z,monitoring-parent,alice,daniel,male,010-2578-9034,44,daniel.t.home@gmail.com,1
2020-01-01T00:05:00Z,monitoring-parent,alice,daniel,male,010-2578-9034,44,daniel.t.home@gmail.com,1
2020-01-01T00:10:00Z,monitoring-parent,alice,daniel,male,010-2578-9034,44,daniel.t.home@gmail.com,1
2020-01-01T00:15:00Z,monitoring-parent,alice,daniel,male,010-2578-9034,44,daniel.t.home@gmail.com,1
2020-01-01T00:20:00Z,monitoring-parent,alice,daniel,male,010-2578-9034,44,daniel.t.home@gmail.com,1
2020-01-01T00:25:00Z,monitoring-parent,alice,daniel,male,010-2578-9034,44,daniel.t.home@gmail.com,1
2020-01-01T00:30:00Z,monitoring-parent,alice,daniel,male,010-2578-9034,44,daniel.t.home@gmail.com,1
2020-01-01T00:35:00Z,monitoring-parent,alice,daniel,male,010-2578-9034,44,daniel.t.home@gmail.com,1
2020-01-01T00:40:00Z,monitoring-parent,alice,daniel,male,010-2578-9034,44,daniel.t.home@gmail.com,1
2020-01-01T00:45:00Z,monitoring-parent,alice,daniel,male,010-2578-9034,44,daniel.t.home@gmail.com,1
2020-01-01T00:50:00Z,monitoring-parent,alice,daniel,male,010-2578-9034,44,daniel.t.home@gmail.com,1
2020-01-01T00:00:00Z,monitoring-parent,bob,linda,female,010-6789-1204,40,linda.c.bobfamily@gmail.com,1
2020-01-01T00:05:00Z,monitoring-parent,bob,linda,female,010-6789-1204,40,linda.c.bobfamily@gmail.com,1
2020-01-01T00:10:00Z,monitoring-parent,bob,linda,female,010-6789-1204,40,linda.c.bobfamily@gmail.com,1
2020-01-01T00:15:00Z,monitoring-parent,bob,linda,female,010-6789-1204,40,linda.c.bobfamily@gmail.com,1
2020-01-01T00:20:00Z,monitoring-parent,bob,linda,female,010-6789-1204,40,linda.c.bobfamily@gmail.com,1
2020-01-01T00:25:00Z,monitoring-parent,bob,linda,female,010-6789-1204,40,linda.c.bobfamily@gmail.com,1
2020-01-01T00:30:00Z,monitoring-parent,bob,linda,female,010-6789-1204,40,linda.c.bobfamily@gmail.com,1
2020-01-01T00:35:00Z,monitoring-parent,bob,linda,female,010-6789-1204,40,linda.c.bobfamily@gmail.com,1
2020-01-01T00:40:00Z,monitoring-parent,bob,linda,female,010-6789-1204,40,linda.c.bobfamily@gmail.com,1
2020-01-01T00:45:00Z,monitoring-parent,bob,linda,female,010-6789-1204,40,linda.c.bobfamily@gmail.com,1
2020-01-01T00:50:00Z,monitoring-parent,bob,linda,female,010-6789-1204,40,linda.c.bobfamily@gmail.com,1
2020-01-01T00:00:00Z,monitoring-parent,bob,mike,male,010-3312-7777,43,mike.cooper.bob@gmail.com,1
2020-01-01T00:05:00Z,monitoring-parent,bob,mike,male,010-3312-7777,43,mike.cooper.bob@gmail.com,1
2020-01-01T00:10:00Z,monitoring-parent,bob,mike,male,010-3312-7777,43,mike.cooper.bob@gmail.com,1
2020-01-01T00:15:00Z,monitoring-parent,bob,mike,male,010-3312-7777,43,mike.cooper.bob@gmail.com,1
2020-01-01T00:20:00Z,monitoring-parent,bob,mike,male,010-3312-7777,43,mike.cooper.bob@gmail.com,1
2020-01-01T00:25:00Z,monitoring-parent,bob,mike,male,010-3312-7777,43,mike.cooper.bob@gmail.com,1
2020-01-01T00:30:00Z,monitoring-parent,bob,mike,male,010-3312-7777,43,mike.cooper.bob@gmail.com,1
2020-01-01T00:35:00Z,monitoring-parent,bob,mike,male,010-3312-7777,43,mike.cooper.bob@gmail.com,1
2020-01-01T00:40:00Z,monitoring-parent,bob,mike,male,010-3312-7777,43,mike.cooper.bob@gmail.com,1
2020-01-01T00:45:00Z,monitoring-parent,bob,mike,male,010-3312-7777,43,mike.cooper.bob@gmail.com,1
2020-01-01T00:50:00Z,monitoring-parent,bob,mike,male,010-3312-7777,43,mike.cooper.bob@gmail.com,1
2020-01-01T00:00:00Z,monitoring-parent,john,julia,female,010-3481-3583,38,julia1994@gmail.com,1
2020-01-01T00:05:00Z,monitoring-parent,john,julia,female,010-3481-3583,38,julia1994@gmail.com,1
2020-01-01T00:10:00Z,monitoring-parent,john,julia,female,010-3481-3583,38,julia1994@gmail.com,1
2020-01-01T00:15:00Z,monitoring-parent,john,julia,female,010-3481-3583,38,julia1994@gmail.com,1
2020-01-01T00:20:00Z,monitoring-parent,john,julia,female,010-3481-3583,38,julia1994@gmail.com,1
2020-01-01T00:25:00Z,monitoring-parent,john,julia,female,010-3481-3583,38,julia1994@gmail.com,1
2020-01-01T00:30:00Z,monitoring-parent,john,julia,female,010-3481-3583,38,julia1994@gmail.com,1
2020-01-01T00:35:00Z,monitoring-parent,john,julia,female,010-3481-3583,38,julia1994@gmail.com,1
2020-01-01T00:40:00Z,monitoring-parent,john,julia,female,010-3481-3583,38,julia1994@gmail.com,1
2020-01-01T00:45:00Z,monitoring-parent,john,julia,female,010-3481-3583,38,julia1994@gmail.com,1
2020-01-01T00:50:00Z,monitoring-parent,john,julia,female,010-3481-3583,38,julia1994@gmail.com,1
2020-01-01T00:00:00Z,monitoring-parent,john,andrew,male,010-8199-4930,44,andrew42@gmail.com,1
2020-01-01T00:05:00Z,monitoring-parent,john,andrew,male,010-8199-4930,44,andrew42@gmail.com,1
2020-01-01T00:10:00Z,monitoring-parent,john,andrew,male,010-8199-4930,44,andrew42@gmail.com,1
2020-01-01T00:15:00Z,monitoring-parent,john,andrew,male,010-8199-4930,44,andrew42@gmail.com,1
2020-01-01T00:20:00Z,monitoring-parent,john,andrew,male,010-8199-4930,44,andrew42@gmail.com,1
2020-01-01T00:25:00Z,monitoring-parent,john,andrew,male,010-8199-4930,44,andrew42@gmail.com,1
2020-01-01T00:30:00Z,monitoring-parent,john,andrew,male,010-8199-4930,44,andrew42@gmail.com,1
2020-01-01T00:35:00Z,monitoring-parent,john,andrew,male,010-8199-4930,44,andrew42@gmail.com,1
2020-01-01T00:40:00Z,monitoring-parent,john,andrew,male,010-8199-4930,44,andrew42@gmail.com,1
2020-01-01T00:45:00Z,monitoring-parent,john,andrew,male,010-8199-4930,44,andrew42@gmail.com,1
2020-01-01T00:50:00Z,monitoring-parent,john,andrew,male,010-8199-4930,44,andrew42@gmail.com,1
2020-01-01T00:00:00Z,monitoring-parent,jane,claire,female,010-3481-3583,38,claire.awesome@gmail.com,1
2020-01-01T00:05:00Z,monitoring-parent,jane,claire,female,010-3481-3583,38,claire.awesome@gmail.com,1
2020-01-01T00:10:00Z,monitoring-parent,jane,claire,female,010-3481-3583,38,claire.awesome@gmail.com,1
2020-01-01T00:15:00Z,monitoring-parent,jane,claire,female,010-3481-3583,38,claire.awesome@gmail.com,1
2020-01-01T00:20:00Z,monitoring-parent,jane,claire,female,010-3481-3583,38,claire.awesome@gmail.com,1
2020-01-01T00:25:00Z,monitoring-parent,jane,claire,female,010-3481-3583,38,claire.awesome@gmail.com,1
2020-01-01T00:30:00Z,monitoring-parent,jane,claire,female,010-3481-3583,38,claire.awesome@gmail.com,1
2020-01-01T00:35:00Z,monitoring-parent,jane,claire,female,010-3481-3583,38,claire.awesome@gmail.com,1
2020-01-01T00:40:00Z,monitoring-parent,jane,claire,female,010-3481-3583,38,claire.awesome@gmail.com,1
2020-01-01T00:45:00Z,monitoring-parent,jane,claire,female,010-3481-3583,38,claire.awesome@gmail.com,1
2020-01-01T00:50:00Z,monitoring-parent,jane,claire,female,010-3481-3583,38,claire.awesome@gmail.com,1
2020-01-01T00:00:00Z,monitoring-parent,jane,andrew,male,010-8199-4930,44,yet.another.andrew@gmail.com,1
2020-01-01T00:05:00Z,monitoring-parent,jane,andrew,male,010-8199-4930,44,yet.another.andrew@gmail.com,1
2020-01-01T00:10:00Z,monitoring-parent,jane,andrew,male,010-8199-4930,44,yet.another.andrew@gmail.com,1
2020-01-01T00:15:00Z,monitoring-parent,jane,andrew,male,010-8199-4930,44,yet.another.andrew@gmail.com,1
2020-01-01T00:20:00Z,monitoring-parent,jane,andrew,male,010-8199-4930,44,yet.another.andrew@gmail.com,1
2020-01-01T00:25:00Z,monitoring-parent,jane,andrew,male,010-8199-4930,44,yet.another.andrew@gmail.com,1
2020-01-01T00:30:00Z,monitoring-parent,jane,andrew,male,010-8199-4930,44,yet.another.andrew@gmail.com,1
2020-01-01T00:35:00Z,monitoring-parent,jane,andrew,male,010-8199-4930,44,yet.another.andrew@gmail.com,1
2020-01-01T00:40:00Z,monitoring-parent,jane,andrew,male,010-8199-4930,44,yet.another.andrew@gmail.com,1
2020-01-01T00:45:00Z,monitoring-parent,jane,andrew,male,010-8199-4930,44,yet.another.andrew@gmail.com,1
2020-01-01T00:50:00Z,monitoring-parent,jane,andrew,male,010-8199-4930,44,yet.another.andrew@gmail.com,1
